fixture	target	base_sha256	head_sha256	identical	ir_vs_legacy_head	scratch_head	ir_outcomes_head	witness_same_as_base
example:website/playground/examples/benchmarks.ts	gc	a4aeb1c48c7bb4b586e224ac7ef09310596cdf8d9c596546ecca0499d03a888d	a4aeb1c48c7bb4b586e224ac7ef09310596cdf8d9c596546ecca0499d03a888d	yes	IR-differs	vec_data	emitted=7,unsupported=1,non-executable=1	yes
example:website/playground/examples/benchmarks.ts	linear	NOBINARY	NOBINARY	yes	same-as-legacy	-	-	yes
example:website/playground/examples/benchmarks.ts	standalone	408cd853e6b7331e3f575b51c7e1d7c79a6ddeeb14db1169655043b62730ce53	408cd853e6b7331e3f575b51c7e1d7c79a6ddeeb14db1169655043b62730ce53	yes	IR-differs	vec_data	emitted=5,unsupported=3,non-executable=1	yes
example:website/playground/examples/benchmarks/array.ts	gc	62bcb9f39d1e0f92e846d6258efa9e315989fa07b58315c3a6d78e0ea1941e83	62bcb9f39d1e0f92e846d6258efa9e315989fa07b58315c3a6d78e0ea1941e83	yes	IR-differs	vec_data	emitted=1,unsupported=1,non-executable=1	yes
example:website/playground/examples/benchmarks/array.ts	linear	NOBINARY	NOBINARY	yes	same-as-legacy	-	-	yes
example:website/playground/examples/benchmarks/array.ts	standalone	6026ad73b5603ebe070cf330b88fe98b9d45bb3a27bdda19c5af18fd6b59a25d	6026ad73b5603ebe070cf330b88fe98b9d45bb3a27bdda19c5af18fd6b59a25d	yes	IR-differs	vec_data	emitted=1,unsupported=1,non-executable=1	yes
example:website/playground/examples/benchmarks/dom.ts	gc	3837f3bde8046a4fe7fb6870ae3d3c80a55f88f809768e2ca963a783c0481024	3837f3bde8046a4fe7fb6870ae3d3c80a55f88f809768e2ca963a783c0481024	yes	IR-differs	-	emitted=1,unsupported=1,non-executable=1	yes
example:website/playground/examples/benchmarks/dom.ts	linear	NOBINARY	NOBINARY	yes	same-as-legacy	-	-	yes
example:website/playground/examples/benchmarks/dom.ts	standalone	73d69d4a4e0acb8074c09d2dc10691123fbef9b25aa15d96c2cf966593d203bd	73d69d4a4e0acb8074c09d2dc10691123fbef9b25aa15d96c2cf966593d203bd	yes	same-as-legacy	-	unsupported=2,non-executable=1	yes
example:website/playground/examples/benchmarks/fib.ts	gc	438a48d97c0533a272c84c4d3edc04c7554ec2c71717441a6b1ec673b73ec914	438a48d97c0533a272c84c4d3edc04c7554ec2c71717441a6b1ec673b73ec914	yes	IR-differs	-	emitted=2,unsupported=1,non-executable=1	yes
example:website/playground/examples/benchmarks/fib.ts	linear	NOBINARY	NOBINARY	yes	same-as-legacy	-	-	yes
example:website/playground/examples/benchmarks/fib.ts	standalone	267b0d04ecbac571b09fd9cf026eb684a82957aec17cc44d8c03b86a5647534f	267b0d04ecbac571b09fd9cf026eb684a82957aec17cc44d8c03b86a5647534f	yes	IR-differs	-	emitted=2,unsupported=1,non-executable=1	yes
example:website/playground/examples/benchmarks/helpers.ts	gc	9370c42b30a2cce9661fcd665b501dda73ee6cd446ef522c7fac9a432043de26	9370c42b30a2cce9661fcd665b501dda73ee6cd446ef522c7fac9a432043de26	yes	IR-differs	-	emitted=2,unsupported=1,non-executable=1	yes
example:website/playground/examples/benchmarks/helpers.ts	linear	NOBINARY	NOBINARY	yes	same-as-legacy	-	-	yes
example:website/playground/examples/benchmarks/helpers.ts	standalone	fd7a84c5b5ba6d73614e3d13e60764428c4b422b90e2d3d008ee4ce0e361a30a	fd7a84c5b5ba6d73614e3d13e60764428c4b422b90e2d3d008ee4ce0e361a30a	yes	same-as-legacy	-	unsupported=3,non-executable=1	yes
example:website/playground/examples/benchmarks/loop.ts	gc	b4b9b6d45ff849cbe30cae3084a7707f95c4dc3d6b31ef3ebc1a30ec37032c46	b4b9b6d45ff849cbe30cae3084a7707f95c4dc3d6b31ef3ebc1a30ec37032c46	yes	IR-differs	-	emitted=1,unsupported=1,non-executable=1	yes
example:website/playground/examples/benchmarks/loop.ts	linear	NOBINARY	NOBINARY	yes	same-as-legacy	-	-	yes
example:website/playground/examples/benchmarks/loop.ts	standalone	132b41ea87614a5a9b252c54561648cf9dfbf4398e3941abd09e388913c31625	132b41ea87614a5a9b252c54561648cf9dfbf4398e3941abd09e388913c31625	yes	IR-differs	-	emitted=1,unsupported=1,non-executable=1	yes
example:website/playground/examples/benchmarks/string.ts	gc	0636b116221792acb45b2ba386de733c702d1df7b5b1806bea30815fa4c44959	0636b116221792acb45b2ba386de733c702d1df7b5b1806bea30815fa4c44959	yes	IR-differs	-	emitted=1,unsupported=1,non-executable=1	yes
example:website/playground/examples/benchmarks/string.ts	linear	NOBINARY	NOBINARY	yes	same-as-legacy	-	-	yes
example:website/playground/examples/benchmarks/string.ts	standalone	f536c571ba6d5d692838661c4dc5bf0bfe248231fbf2c5f21857eba9fadfb635	f536c571ba6d5d692838661c4dc5bf0bfe248231fbf2c5f21857eba9fadfb635	yes	IR-differs	-	emitted=1,unsupported=1,non-executable=1	yes
example:website/playground/examples/benchmarks/style.ts	gc	c03c98f4d22c86509d8e22cb54aaaaa0bdfdc7866fde734dac5fc2e9e357a4c0	c03c98f4d22c86509d8e22cb54aaaaa0bdfdc7866fde734dac5fc2e9e357a4c0	yes	IR-differs	-	emitted=1,unsupported=1,non-executable=1	yes
example:website/playground/examples/benchmarks/style.ts	linear	NOBINARY	NOBINARY	yes	same-as-legacy	-	-	yes
example:website/playground/examples/benchmarks/style.ts	standalone	931eb5e934d24a6bb8bec2cab3452ff29cedd92a9b6c75795309e24262c53071	931eb5e934d24a6bb8bec2cab3452ff29cedd92a9b6c75795309e24262c53071	yes	same-as-legacy	-	unsupported=2,non-executable=1	yes
example:website/playground/examples/dom/calendar.ts	gc	7fe046f8cee270571821aaa8e0ca0e4e2ad3fd519c6140560ccb83563de3b829	7fe046f8cee270571821aaa8e0ca0e4e2ad3fd519c6140560ccb83563de3b829	yes	IR-differs	vec_data	emitted=10	yes
example:website/playground/examples/dom/calendar.ts	linear	NOBINARY	NOBINARY	yes	same-as-legacy	-	-	yes
example:website/playground/examples/dom/calendar.ts	standalone	0459e72573d840ecc6c2e5a2563abe8be527462649ac41b0d33d1ce6d41322b3	0459e72573d840ecc6c2e5a2563abe8be527462649ac41b0d33d1ce6d41322b3	yes	IR-differs	vec_data	emitted=10	yes
example:website/playground/examples/js/algorithms.ts	gc	36b33d3909528598f91325ee3cde87f20b13aa46f855eea68a8cd9e676f6994d	36b33d3909528598f91325ee3cde87f20b13aa46f855eea68a8cd9e676f6994d	yes	IR-differs	vec_data	emitted=7	yes
example:website/playground/examples/js/algorithms.ts	linear	NOBINARY	NOBINARY	yes	same-as-legacy	-	-	yes
example:website/playground/examples/js/algorithms.ts	standalone	e41f55cb50e2c61b531bc98a496a5c1ba612249e69d0522d9c4c65b41a771262	e41f55cb50e2c61b531bc98a496a5c1ba612249e69d0522d9c4c65b41a771262	yes	IR-differs	vec_data	emitted=7	yes
example:website/playground/examples/js/async.ts	gc	ab5e08eb0d0f2b55a0fcb4f96f50e6bbd5363a643a5c037c5c30c0936f6217a5	ab5e08eb0d0f2b55a0fcb4f96f50e6bbd5363a643a5c037c5c30c0936f6217a5	yes	IR-differs	vec_data	emitted=6,non-executable=1	yes
example:website/playground/examples/js/async.ts	linear	NOBINARY	NOBINARY	yes	same-as-legacy	-	-	yes
example:website/playground/examples/js/async.ts	standalone	485d86589414290c5b3fffbd45af982a00a6b582cbe902e1d9c5a3bf3327b5b3	485d86589414290c5b3fffbd45af982a00a6b582cbe902e1d9c5a3bf3327b5b3	yes	IR-differs	vec_data	emitted=6,non-executable=1	yes
example:website/playground/examples/js/builtins.ts	gc	d27a893ee1844c5908ad33df5b95b1096e4b90f2eaf4c422e7b98f9833733b9e	d27a893ee1844c5908ad33df5b95b1096e4b90f2eaf4c422e7b98f9833733b9e	yes	IR-differs	vec_data	emitted=4,non-executable=1	yes
example:website/playground/examples/js/builtins.ts	linear	NOBINARY	NOBINARY	yes	same-as-legacy	-	-	yes
example:website/playground/examples/js/builtins.ts	standalone	ccf8b2eff079e5c53eda40bb6630a68f964ce63106b766c598f587a6679ec40a	ccf8b2eff079e5c53eda40bb6630a68f964ce63106b766c598f587a6679ec40a	yes	IR-differs	vec_data	emitted=4,non-executable=1	yes
example:website/playground/examples/js/classes.ts	gc	0888a61e4cf4cbbb99756af8640be6f5e6efeebaa0a7354b3a2578c11ce34965	0888a61e4cf4cbbb99756af8640be6f5e6efeebaa0a7354b3a2578c11ce34965	yes	IR-differs	-	emitted=11,non-executable=1	yes
example:website/playground/examples/js/classes.ts	linear	NOBINARY	NOBINARY	yes	same-as-legacy	-	-	yes
example:website/playground/examples/js/classes.ts	standalone	594547838387237969e05ee7061f3558afbb04fea470174436069a090e27b370	594547838387237969e05ee7061f3558afbb04fea470174436069a090e27b370	yes	IR-differs	-	emitted=11,non-executable=1	yes
fixture:closureVec	gc	cf78cd2170a0d8a3715355c477ee0813e6e962c51b5810c0a39f5182086c99d1	cf78cd2170a0d8a3715355c477ee0813e6e962c51b5810c0a39f5182086c99d1	yes	same-as-legacy	-	run:unsupported	yes
fixture:closureVec	linear	NOBINARY	NOBINARY	yes	same-as-legacy	-	-	yes
fixture:closureVec	standalone	78b9994d82c484e31f342b90bebb94e313e1c6d1badd897aad5fa9c0dfcbfcd0	78b9994d82c484e31f342b90bebb94e313e1c6d1badd897aad5fa9c0dfcbfcd0	yes	same-as-legacy	-	run:unsupported	yes
fixture:distinctElems	gc	94b7c9e9df3357c1c5ec675e7a86be5c1ff518d81ec63e3f9d229a32ecfe9359	94b7c9e9df3357c1c5ec675e7a86be5c1ff518d81ec63e3f9d229a32ecfe9359	yes	IR-differs	vec_data	run:emitted	yes
fixture:distinctElems	linear	e06d5c57a10d224828a18d8df361d81002d938569ad6bd1f860d66f16622b996	e06d5c57a10d224828a18d8df361d81002d938569ad6bd1f860d66f16622b996	yes	same-as-legacy	-	-	yes
fixture:distinctElems	standalone	840d84c195f5c75d5391c55c9cd81b21aa8fe60b8a2e3c53eb7a43b9c34cc652	840d84c195f5c75d5391c55c9cd81b21aa8fe60b8a2e3c53eb7a43b9c34cc652	yes	IR-differs	vec_data	run:emitted	yes
fixture:emptyLiteral	gc	1cd465a0d283bb82a6a676b9aa8b5a9becfb8e846a7946832be9f25e05e7227d	1cd465a0d283bb82a6a676b9aa8b5a9becfb8e846a7946832be9f25e05e7227d	yes	IR-differs	vec_data	run:emitted	yes
fixture:emptyLiteral	linear	7bbf7b2415ef827ccfb48685898618a86628d912a907d016c06267a2ec0b3aa2	7bbf7b2415ef827ccfb48685898618a86628d912a907d016c06267a2ec0b3aa2	yes	same-as-legacy	linear_vec_ptr	-	yes
fixture:emptyLiteral	standalone	011bca05bf54b389b2bd2ce0d62813f7da2f9c9d505cf1809f84b58d697f7179	011bca05bf54b389b2bd2ce0d62813f7da2f9c9d505cf1809f84b58d697f7179	yes	IR-differs	vec_data	run:emitted	yes
fixture:emptyReserved	gc	35caf77a26fe5f8947b4baf819fe782810e80074404ab4a1de7b2d2d0d3cb2ed	35caf77a26fe5f8947b4baf819fe782810e80074404ab4a1de7b2d2d0d3cb2ed	yes	IR-differs	vec_data	run:emitted	yes
fixture:emptyReserved	linear	e91b8154b934ec0ad5963f0f37bf7886d36b6358a63b9c0e0190f76c2739f96d	e91b8154b934ec0ad5963f0f37bf7886d36b6358a63b9c0e0190f76c2739f96d	yes	same-as-legacy	-	-	yes
fixture:emptyReserved	standalone	146895014d0f2d98c53c14d1c7a28b2ec93486bb3ffec602fd437cc74d74bf6b	146895014d0f2d98c53c14d1c7a28b2ec93486bb3ffec602fd437cc74d74bf6b	yes	IR-differs	vec_data	run:emitted	yes
fixture:fixedF64	gc	78123c0a5575cb1ba5c5f2c4c7b0a95be3539a26b2d01c41e8724c51f710e8c9	78123c0a5575cb1ba5c5f2c4c7b0a95be3539a26b2d01c41e8724c51f710e8c9	yes	IR-differs	vec_data	run:emitted	yes
fixture:fixedF64	linear	61056645b440750fa2ad84286c6052053043eee8946127156dc0b91564befcac	61056645b440750fa2ad84286c6052053043eee8946127156dc0b91564befcac	yes	same-as-legacy	linear_vec_ptr	-	yes
fixture:fixedF64	standalone	4fa8006b46e2de8a1fe84101bf8de645da904f98dd9766d615f00e69da672464	4fa8006b46e2de8a1fe84101bf8de645da904f98dd9766d615f00e69da672464	yes	IR-differs	vec_data	run:emitted	yes
fixture:forOf	gc	0beba82f8084927f9c11f7fa3ed13ddec9884293522bcc6106ca0b993b719614	0beba82f8084927f9c11f7fa3ed13ddec9884293522bcc6106ca0b993b719614	yes	IR-differs	vec_data	run:emitted	yes
fixture:forOf	linear	4c61dffacfacf38639a557f8db5d2c5786c6079119b32aa089fb756acab765ee	4c61dffacfacf38639a557f8db5d2c5786c6079119b32aa089fb756acab765ee	yes	same-as-legacy	-	-	yes
fixture:forOf	standalone	10a27e92f01e5e1280a3a92cd7bac97c197941ea5e7fb21d794d5547c18b9bfe	10a27e92f01e5e1280a3a92cd7bac97c197941ea5e7fb21d794d5547c18b9bfe	yes	IR-differs	vec_data	run:emitted	yes
fixture:forOfParam	gc	a62ba023c08f668a949891979418ff01ce73ad39c161adb7340d2f0d39e52315	a62ba023c08f668a949891979418ff01ce73ad39c161adb7340d2f0d39e52315	yes	IR-differs	vec_data	sum:emitted,run:emitted	yes
fixture:forOfParam	linear	c1e8dfb0381984e8c9d8bdbf96c7684adf7f8c1a872f17e5759a7f638e480eb9	c1e8dfb0381984e8c9d8bdbf96c7684adf7f8c1a872f17e5759a7f638e480eb9	yes	same-as-legacy	-	-	yes
fixture:forOfParam	standalone	2bf1f784ca673d3649a461a071776f8183249fac58dd1e75cfbe8737f2aa4b9b	2bf1f784ca673d3649a461a071776f8183249fac58dd1e75cfbe8737f2aa4b9b	yes	IR-differs	vec_data	sum:emitted,run:emitted	yes
fixture:i32Elems	gc	1aa0ac60dc120c6f520484c3939d87f004157119d2f7ce76e985fbb1021a4a97	1aa0ac60dc120c6f520484c3939d87f004157119d2f7ce76e985fbb1021a4a97	yes	IR-differs	vec_data	run:emitted	yes
fixture:i32Elems	linear	5618845f2ddb87698f53bc6b8f13bd28ba440494565874b0b3cda39c5a881263	5618845f2ddb87698f53bc6b8f13bd28ba440494565874b0b3cda39c5a881263	yes	same-as-legacy	linear_vec_ptr	-	yes
fixture:i32Elems	standalone	1ab6a3eaf1d2b10650434d793e6c3278a02b228dea6e43ab3097cfdb750170f8	1ab6a3eaf1d2b10650434d793e6c3278a02b228dea6e43ab3097cfdb750170f8	yes	IR-differs	vec_data	run:emitted	yes
fixture:multiF64Linear	gc	a8ac39b259e797692670bc682b057b609ca86bd425f8871d72a91197d655a17a	a8ac39b259e797692670bc682b057b609ca86bd425f8871d72a91197d655a17a	yes	IR-differs	vec_data	run:emitted	yes
fixture:multiF64Linear	linear	13d5008af17a5c2363694cbbf00f6f1fe3b98fae5555b53309cef7e1464e8b0e	13d5008af17a5c2363694cbbf00f6f1fe3b98fae5555b53309cef7e1464e8b0e	yes	same-as-legacy	linear_vec_ptr	-	yes
fixture:multiF64Linear	standalone	9cc1e6843db492b72cd192a8f8374569a5165657fd87fa43cecb53e015640906	9cc1e6843db492b72cd192a8f8374569a5165657fd87fa43cecb53e015640906	yes	IR-differs	vec_data	run:emitted	yes
fixture:native	gc	d54cc1d0f0acf029e103b6b102dd5481e1819cde8dd6200254d200996e8d3697	d54cc1d0f0acf029e103b6b102dd5481e1819cde8dd6200254d200996e8d3697	yes	IR-differs	vec_data	run:emitted	yes
fixture:native	linear	f70510d6a9d417d53bd5e3763f73745e41097c84ef19869c9c5e1016d178e761	f70510d6a9d417d53bd5e3763f73745e41097c84ef19869c9c5e1016d178e761	yes	same-as-legacy	linear_vec_ptr	-	yes
fixture:native	standalone	9806d5e46191f3c7aa6d3d65b5c22511ffdc037749c589e272e63f1eb1be04e9	9806d5e46191f3c7aa6d3d65b5c22511ffdc037749c589e272e63f1eb1be04e9	yes	IR-differs	vec_data	run:emitted	yes
fixture:nestedVec	gc	04660b905278c8930d3f7fa7b1457378b0e969c8222986893a55f24dca18ca96	04660b905278c8930d3f7fa7b1457378b0e969c8222986893a55f24dca18ca96	yes	same-as-legacy	-	run:unsupported	yes
fixture:nestedVec	linear	e988fd0fcb70767c720ea0a6d7c0518de35435259659d7db90bb11acf65aee5c	e988fd0fcb70767c720ea0a6d7c0518de35435259659d7db90bb11acf65aee5c	yes	same-as-legacy	-	-	yes
fixture:nestedVec	standalone	b0c8cbc753de23160f20f8ae001a064f91907b14f64f596848e71dabd272b61e	b0c8cbc753de23160f20f8ae001a064f91907b14f64f596848e71dabd272b61e	yes	same-as-legacy	-	run:unsupported	yes
fixture:nullableVec	gc	1e5323384ed5b02d3c71db85158d5fbcea0459cedf86a2ada962d2a497fa90eb	1e5323384ed5b02d3c71db85158d5fbcea0459cedf86a2ada962d2a497fa90eb	yes	same-as-legacy	-	pick:unsupported,run:unsupported	yes
fixture:nullableVec	linear	25c017859014ec589c712216c2b527750cc3552311760ac7a1768d57fa5c38f2	25c017859014ec589c712216c2b527750cc3552311760ac7a1768d57fa5c38f2	yes	same-as-legacy	-	-	yes
fixture:nullableVec	standalone	df6552a605c88ba947ab946fbcfc8af2aa87d20abe5f31d1969c28df037a4829	df6552a605c88ba947ab946fbcfc8af2aa87d20abe5f31d1969c28df037a4829	yes	same-as-legacy	-	pick:unsupported,run:unsupported	yes
fixture:primitiveIf	gc	0815b32c3a77f3c007b70f59f5bf467a4d5e53bafca2cf17584ff8ca48f121fb	0815b32c3a77f3c007b70f59f5bf467a4d5e53bafca2cf17584ff8ca48f121fb	yes	IR-differs	vec_data	run:emitted	yes
fixture:primitiveIf	linear	5e7b514e2a43b5faa3083dd1d66988be37c95616d644dc9c70bfa2cc2a5f0dd2	5e7b514e2a43b5faa3083dd1d66988be37c95616d644dc9c70bfa2cc2a5f0dd2	yes	same-as-legacy	linear_vec_ptr	-	yes
fixture:primitiveIf	standalone	b7782d50cdce2041bf979eea701b9b84db6481feb881b04a4335b3b0a6ef8e29	b7782d50cdce2041bf979eea701b9b84db6481feb881b04a4335b3b0a6ef8e29	yes	IR-differs	vec_data	run:emitted	yes
fixture:repeatedLiterals	gc	3f7853c1b5330a296cec3ec40b9656c98a8a2dcd6768e83f22611c70cbe5a45f	3f7853c1b5330a296cec3ec40b9656c98a8a2dcd6768e83f22611c70cbe5a45f	yes	IR-differs	vec_data	run:emitted	yes
fixture:repeatedLiterals	linear	24338b5b515bcd5a223de645adf447db112a8601aaf56bc815bd5b232741322a	24338b5b515bcd5a223de645adf447db112a8601aaf56bc815bd5b232741322a	yes	same-as-legacy	linear_vec_ptr	-	yes
fixture:repeatedLiterals	standalone	97629956f06d691cb215735c3198b2178b512938e68f0ec9db9e2631ac2feb4d	97629956f06d691cb215735c3198b2178b512938e68f0ec9db9e2631ac2feb4d	yes	IR-differs	vec_data	run:emitted	yes
fixture:stringVec	gc	deef8b8e2a00f09fa26be4e2b923f3e42143b477f93784000cc120617c8e39f7	deef8b8e2a00f09fa26be4e2b923f3e42143b477f93784000cc120617c8e39f7	yes	same-as-legacy	-	run:unsupported	yes
fixture:stringVec	linear	ab4dae447c8ca1680077eff8b224478b1e2e99eb704e5dd864033a92368dd094	ab4dae447c8ca1680077eff8b224478b1e2e99eb704e5dd864033a92368dd094	yes	same-as-legacy	-	-	yes
fixture:stringVec	standalone	a3202eeb4473656ffb0db30fb8814a05f2d09cfcd1bd65c8f85e2e90ce773c92	a3202eeb4473656ffb0db30fb8814a05f2d09cfcd1bd65c8f85e2e90ce773c92	yes	same-as-legacy	-	run:unsupported	yes
fixture:vecSet	gc	4b2e487063ce423f12a9b96e4313bde79f940b00c91fdcca8cb6cb773f2b20c3	4b2e487063ce423f12a9b96e4313bde79f940b00c91fdcca8cb6cb773f2b20c3	yes	IR-differs	vec_data	run:emitted	yes
fixture:vecSet	linear	42b23b8c87a147a8221ab7e62392496fb0dcf06024df7a3838b90560ce286d9b	42b23b8c87a147a8221ab7e62392496fb0dcf06024df7a3838b90560ce286d9b	yes	same-as-legacy	linear_vec_ptr	-	yes
fixture:vecSet	standalone	64a9827d4b23b779cd7227415f4b36d2b85e643556cc0753c6696594e50a8db0	64a9827d4b23b779cd7227415f4b36d2b85e643556cc0753c6696594e50a8db0	yes	IR-differs	vec_data	run:emitted	yes
