name	target	ok	size	sha256
website/playground/examples/benchmarks.ts	gc	ok	10978	a4aeb1c48c7bb4b586e224ac7ef09310596cdf8d9c596546ecca0499d03a888d
website/playground/examples/benchmarks.ts	standalone	ok	119506	408cd853e6b7331e3f575b51c7e1d7c79a6ddeeb14db1169655043b62730ce53
website/playground/examples/benchmarks/array.ts	gc	ok	6874	62bcb9f39d1e0f92e846d6258efa9e315989fa07b58315c3a6d78e0ea1941e83
website/playground/examples/benchmarks/array.ts	standalone	ok	113606	6026ad73b5603ebe070cf330b88fe98b9d45bb3a27bdda19c5af18fd6b59a25d
website/playground/examples/benchmarks/dom.ts	gc	ok	5402	3837f3bde8046a4fe7fb6870ae3d3c80a55f88f809768e2ca963a783c0481024
website/playground/examples/benchmarks/dom.ts	standalone	ok	113869	73d69d4a4e0acb8074c09d2dc10691123fbef9b25aa15d96c2cf966593d203bd
website/playground/examples/benchmarks/fib.ts	gc	ok	4955	438a48d97c0533a272c84c4d3edc04c7554ec2c71717441a6b1ec673b73ec914
website/playground/examples/benchmarks/fib.ts	standalone	ok	112806	267b0d04ecbac571b09fd9cf026eb684a82957aec17cc44d8c03b86a5647534f
website/playground/examples/benchmarks/helpers.ts	gc	ok	10004	9370c42b30a2cce9661fcd665b501dda73ee6cd446ef522c7fac9a432043de26
website/playground/examples/benchmarks/helpers.ts	standalone	ok	118871	fd7a84c5b5ba6d73614e3d13e60764428c4b422b90e2d3d008ee4ce0e361a30a
website/playground/examples/benchmarks/loop.ts	gc	ok	5233	b4b9b6d45ff849cbe30cae3084a7707f95c4dc3d6b31ef3ebc1a30ec37032c46
website/playground/examples/benchmarks/loop.ts	standalone	ok	113144	132b41ea87614a5a9b252c54561648cf9dfbf4398e3941abd09e388913c31625
website/playground/examples/benchmarks/string.ts	gc	ok	5036	0636b116221792acb45b2ba386de733c702d1df7b5b1806bea30815fa4c44959
website/playground/examples/benchmarks/string.ts	standalone	ok	113164	f536c571ba6d5d692838661c4dc5bf0bfe248231fbf2c5f21857eba9fadfb635
website/playground/examples/benchmarks/style.ts	gc	ok	5573	c03c98f4d22c86509d8e22cb54aaaaa0bdfdc7866fde734dac5fc2e9e357a4c0
website/playground/examples/benchmarks/style.ts	standalone	ok	114826	931eb5e934d24a6bb8bec2cab3452ff29cedd92a9b6c75795309e24262c53071
website/playground/examples/dom/calendar.ts	gc	ok	13072	7fe046f8cee270571821aaa8e0ca0e4e2ad3fd519c6140560ccb83563de3b829
website/playground/examples/dom/calendar.ts	standalone	ok	54828	0459e72573d840ecc6c2e5a2563abe8be527462649ac41b0d33d1ce6d41322b3
website/playground/examples/js/algorithms.ts	gc	ok	4987	36b33d3909528598f91325ee3cde87f20b13aa46f855eea68a8cd9e676f6994d
website/playground/examples/js/algorithms.ts	standalone	ok	63547	e41f55cb50e2c61b531bc98a496a5c1ba612249e69d0522d9c4c65b41a771262
website/playground/examples/js/async.ts	gc	ok	11374	ab5e08eb0d0f2b55a0fcb4f96f50e6bbd5363a643a5c037c5c30c0936f6217a5
website/playground/examples/js/async.ts	standalone	ok	111971	485d86589414290c5b3fffbd45af982a00a6b582cbe902e1d9c5a3bf3327b5b3
website/playground/examples/js/builtins.ts	gc	ok	11208	d27a893ee1844c5908ad33df5b95b1096e4b90f2eaf4c422e7b98f9833733b9e
website/playground/examples/js/builtins.ts	standalone	ok	48323	ccf8b2eff079e5c53eda40bb6630a68f964ce63106b766c598f587a6679ec40a
website/playground/examples/js/classes.ts	gc	ok	2133	0888a61e4cf4cbbb99756af8640be6f5e6efeebaa0a7354b3a2578c11ce34965
website/playground/examples/js/classes.ts	standalone	ok	30701	594547838387237969e05ee7061f3558afbb04fea470174436069a090e27b370
probe:boundary	gc	ok	1320	84d8053d85fc5f8d1af058dfe2e4882860996e3bae364e2aa21763cc46a3eb9e
probe:boundary	standalone	ok	92560	a5093f040e3d640733662cfd048ea51ef4ca7bed1655da91cdcdc978f7042b97
probe:native	gc	ok	5174	815d3c80ce0e511aaa6889588bb039e1fcbd58591105cc146bfd5d80eeffc64a
probe:native	standalone	ok	97248	3d0c6e6eb182546db6f14b7967066d67daab042b758c709aa4bbe7d626a79be4
probe:wat	gc	ok	236	ea9fbdc341622bf53b0ada38de12b4b26d01ee055c0089058e638f66b8b637aa
probe:wat	standalone	ok	55780	5517b4513f2399276c6b257af3fcd746655392e26f4c42c6cf07a3e559cd2ccc
probe:no-eq	gc	ok	113	8ef3e1e32716f9b15f995ab46af36870623b7e8b11ccb228d88ae8b6931509fe
probe:no-eq	standalone	ok	11407	1912ef0fede6ea29c399b42ec377f0a51129895bc4ebc1c6ed3bb8b4cac545de
probe:strict-only	gc	ok	209	726633627158d335a30b227c5c81f28de9ab494be10d4cbc42a61625a96df1dc
probe:strict-only	standalone	ok	56122	6fa7ec94c00c998c785d8506b07e024be3d668280a4faff046e77ae66df6628a
