name	target	base_size	after_size	delta	base_sha256	after_sha256	identical
website/playground/examples/benchmarks.ts	gc	10978	10978	0	a4aeb1c48c7bb4b586e224ac7ef09310596cdf8d9c596546ecca0499d03a888d	a4aeb1c48c7bb4b586e224ac7ef09310596cdf8d9c596546ecca0499d03a888d	yes
website/playground/examples/benchmarks.ts	standalone	119506	119764	258	408cd853e6b7331e3f575b51c7e1d7c79a6ddeeb14db1169655043b62730ce53	5c8148bb27f316b91b662b60fb4e758bc524b086c282b01c82bc33e6c20b613a	NO
website/playground/examples/benchmarks/array.ts	gc	6874	6874	0	62bcb9f39d1e0f92e846d6258efa9e315989fa07b58315c3a6d78e0ea1941e83	62bcb9f39d1e0f92e846d6258efa9e315989fa07b58315c3a6d78e0ea1941e83	yes
website/playground/examples/benchmarks/array.ts	standalone	113606	113864	258	6026ad73b5603ebe070cf330b88fe98b9d45bb3a27bdda19c5af18fd6b59a25d	afeedb9ec72bc7b70e05fe25e49db7aa653dfb97584f48172aadbff1cd45b894	NO
website/playground/examples/benchmarks/dom.ts	gc	5402	5402	0	3837f3bde8046a4fe7fb6870ae3d3c80a55f88f809768e2ca963a783c0481024	3837f3bde8046a4fe7fb6870ae3d3c80a55f88f809768e2ca963a783c0481024	yes
website/playground/examples/benchmarks/dom.ts	standalone	113869	114128	259	73d69d4a4e0acb8074c09d2dc10691123fbef9b25aa15d96c2cf966593d203bd	12500e69de535ef635e0271340181261c248bb25cad56580951bf5b8f6454c36	NO
website/playground/examples/benchmarks/fib.ts	gc	4955	4955	0	438a48d97c0533a272c84c4d3edc04c7554ec2c71717441a6b1ec673b73ec914	438a48d97c0533a272c84c4d3edc04c7554ec2c71717441a6b1ec673b73ec914	yes
website/playground/examples/benchmarks/fib.ts	standalone	112806	113064	258	267b0d04ecbac571b09fd9cf026eb684a82957aec17cc44d8c03b86a5647534f	10d13778ada04a5eccdba96e1eb6667fd5de502e27e6f385140fa241db384216	NO
website/playground/examples/benchmarks/helpers.ts	gc	10004	10004	0	9370c42b30a2cce9661fcd665b501dda73ee6cd446ef522c7fac9a432043de26	9370c42b30a2cce9661fcd665b501dda73ee6cd446ef522c7fac9a432043de26	yes
website/playground/examples/benchmarks/helpers.ts	standalone	118871	119130	259	fd7a84c5b5ba6d73614e3d13e60764428c4b422b90e2d3d008ee4ce0e361a30a	171ccbe7c63cb99cafb634b11fd1b5a41261cd79c0cf3454347ac3fdea26701b	NO
website/playground/examples/benchmarks/loop.ts	gc	5233	5233	0	b4b9b6d45ff849cbe30cae3084a7707f95c4dc3d6b31ef3ebc1a30ec37032c46	b4b9b6d45ff849cbe30cae3084a7707f95c4dc3d6b31ef3ebc1a30ec37032c46	yes
website/playground/examples/benchmarks/loop.ts	standalone	113144	113402	258	132b41ea87614a5a9b252c54561648cf9dfbf4398e3941abd09e388913c31625	d0d9c142374f8686090534c08d3d057d56080882c16498a698d22b18588161b3	NO
website/playground/examples/benchmarks/string.ts	gc	5036	5036	0	0636b116221792acb45b2ba386de733c702d1df7b5b1806bea30815fa4c44959	0636b116221792acb45b2ba386de733c702d1df7b5b1806bea30815fa4c44959	yes
website/playground/examples/benchmarks/string.ts	standalone	113164	113422	258	f536c571ba6d5d692838661c4dc5bf0bfe248231fbf2c5f21857eba9fadfb635	cdcc677fdb6eca5a2905ca19e1335e62e933e49879099541e49d519097c03275	NO
website/playground/examples/benchmarks/style.ts	gc	5573	5573	0	c03c98f4d22c86509d8e22cb54aaaaa0bdfdc7866fde734dac5fc2e9e357a4c0	c03c98f4d22c86509d8e22cb54aaaaa0bdfdc7866fde734dac5fc2e9e357a4c0	yes
website/playground/examples/benchmarks/style.ts	standalone	114826	115085	259	931eb5e934d24a6bb8bec2cab3452ff29cedd92a9b6c75795309e24262c53071	058398cdb4ab3cb14de26d0b7da413c76bef44c94db0ddbb2b9f07c0a9583ee3	NO
website/playground/examples/dom/calendar.ts	gc	13072	13072	0	7fe046f8cee270571821aaa8e0ca0e4e2ad3fd519c6140560ccb83563de3b829	7fe046f8cee270571821aaa8e0ca0e4e2ad3fd519c6140560ccb83563de3b829	yes
website/playground/examples/dom/calendar.ts	standalone	54828	54828	0	0459e72573d840ecc6c2e5a2563abe8be527462649ac41b0d33d1ce6d41322b3	0459e72573d840ecc6c2e5a2563abe8be527462649ac41b0d33d1ce6d41322b3	yes
website/playground/examples/js/algorithms.ts	gc	4987	4987	0	36b33d3909528598f91325ee3cde87f20b13aa46f855eea68a8cd9e676f6994d	36b33d3909528598f91325ee3cde87f20b13aa46f855eea68a8cd9e676f6994d	yes
website/playground/examples/js/algorithms.ts	standalone	63547	63805	258	e41f55cb50e2c61b531bc98a496a5c1ba612249e69d0522d9c4c65b41a771262	6219255a546010b01059a965b2bebf0fbe4a89f5ca00fd4a5c1ccc81fffe7f9e	NO
website/playground/examples/js/async.ts	gc	11374	11374	0	ab5e08eb0d0f2b55a0fcb4f96f50e6bbd5363a643a5c037c5c30c0936f6217a5	ab5e08eb0d0f2b55a0fcb4f96f50e6bbd5363a643a5c037c5c30c0936f6217a5	yes
website/playground/examples/js/async.ts	standalone	111971	112229	258	485d86589414290c5b3fffbd45af982a00a6b582cbe902e1d9c5a3bf3327b5b3	23420e20d11f8c72c8e42b483bc98b79678d7570ccb927d5416ec12696b8a4bd	NO
website/playground/examples/js/builtins.ts	gc	11208	11208	0	d27a893ee1844c5908ad33df5b95b1096e4b90f2eaf4c422e7b98f9833733b9e	d27a893ee1844c5908ad33df5b95b1096e4b90f2eaf4c422e7b98f9833733b9e	yes
website/playground/examples/js/builtins.ts	standalone	48323	48323	0	ccf8b2eff079e5c53eda40bb6630a68f964ce63106b766c598f587a6679ec40a	ccf8b2eff079e5c53eda40bb6630a68f964ce63106b766c598f587a6679ec40a	yes
website/playground/examples/js/classes.ts	gc	2133	2133	0	0888a61e4cf4cbbb99756af8640be6f5e6efeebaa0a7354b3a2578c11ce34965	0888a61e4cf4cbbb99756af8640be6f5e6efeebaa0a7354b3a2578c11ce34965	yes
website/playground/examples/js/classes.ts	standalone	30701	30701	0	594547838387237969e05ee7061f3558afbb04fea470174436069a090e27b370	594547838387237969e05ee7061f3558afbb04fea470174436069a090e27b370	yes
probe:boundary	gc	1320	1320	0	84d8053d85fc5f8d1af058dfe2e4882860996e3bae364e2aa21763cc46a3eb9e	84d8053d85fc5f8d1af058dfe2e4882860996e3bae364e2aa21763cc46a3eb9e	yes
probe:boundary	standalone	92560	92885	325	a5093f040e3d640733662cfd048ea51ef4ca7bed1655da91cdcdc978f7042b97	0aa8d12662c03623c8ac08453c8633bd46424182354c5bc326fbc165e2981872	NO
probe:native	gc	5174	5174	0	815d3c80ce0e511aaa6889588bb039e1fcbd58591105cc146bfd5d80eeffc64a	815d3c80ce0e511aaa6889588bb039e1fcbd58591105cc146bfd5d80eeffc64a	yes
probe:native	standalone	97248	97546	298	3d0c6e6eb182546db6f14b7967066d67daab042b758c709aa4bbe7d626a79be4	a44ac2798b0a6dc3666380cd9774d7a9bc035024168ce91865f427f08396fc6a	NO
probe:wat	gc	236	236	0	ea9fbdc341622bf53b0ada38de12b4b26d01ee055c0089058e638f66b8b637aa	ea9fbdc341622bf53b0ada38de12b4b26d01ee055c0089058e638f66b8b637aa	yes
probe:wat	standalone	55780	56102	322	5517b4513f2399276c6b257af3fcd746655392e26f4c42c6cf07a3e559cd2ccc	354fc46ad3e93b2d01274e85c1f184876b756fdaa172b08d9582d624ebf5ac4d	NO
probe:no-eq	gc	113	113	0	8ef3e1e32716f9b15f995ab46af36870623b7e8b11ccb228d88ae8b6931509fe	8ef3e1e32716f9b15f995ab46af36870623b7e8b11ccb228d88ae8b6931509fe	yes
probe:no-eq	standalone	11407	11407	0	1912ef0fede6ea29c399b42ec377f0a51129895bc4ebc1c6ed3bb8b4cac545de	1912ef0fede6ea29c399b42ec377f0a51129895bc4ebc1c6ed3bb8b4cac545de	yes
probe:strict-only	gc	209	209	0	726633627158d335a30b227c5c81f28de9ab494be10d4cbc42a61625a96df1dc	726633627158d335a30b227c5c81f28de9ab494be10d4cbc42a61625a96df1dc	yes
probe:strict-only	standalone	56122	56380	258	6fa7ec94c00c998c785d8506b07e024be3d668280a4faff046e77ae66df6628a	defc827480d1c1122039a890ea3413c4555155696b3af5aea1551572f03479c0	NO
